メンバー名,セリフ,プレイタグ
マコ,うぁぁん、ちんぽでまんこガンガン犯されてるぅ🧡 愛液ダラダラ、奥ズドン、んﾊｧ、身体ビクンビクン、壊れるよぉ,正常位 | 挿入 | 中出し | まんこ
マコ,んぉお、ちんぽズボズボまんこ抉られてるっ🧡 愛液ぐっちょり、腰ガクガク、うぅぅ、頭おかしくなるよ,立ちバック | 挿入 | 潮吹き
マコ,ｱﾝｯ、ちんぽでまんこ奥まで犯されてるの🧡 愛液ヌルヌル、ヒクヒク、はぁぁん、気持ちよすぎて泣きそう,騎乗位 | 挿入 | 誘惑
マコ,うぅぅん、ちんぽにまんこグチャグチャにされてるぅ🧡 奥ガツガツ、んぁあ、ダメ、イっちゃうよぉ,正常位 | 挿入 | 中出し | 照れ
マコ,おぉぉ、ちんぽでまんこズンッ犯されてる🧡 愛液溢れて、んﾌｩ、キミのせーし顔にぶっかけて,顔射 | ぶっかけ | 顔
リオ,ｳｧｧ、ちんぽでまんこガツガツ犯されてるよぉ🩵 愛液ビチャビチャ、奥ドンドン、んぉぉ、身体震えて,正常位 | 挿入 | 中出し | まんこ
リオ,んﾊｧｧ、ちんぽズブズブまんこ壊されてるぅ🩵 愛液ぐっちょり、うぅぅん、口でせーし受け止めるよ,立ちバック | 挿入 | フェラ | 飲精 | 口
リオ,ｱｧﾝ、ちんぽでまんこ抉られてるのぉ🩵 愛液ヌルヌル、はぁあ、乳首にちんぽ擦りつけて,騎乗位 | 挿入 | 潮吹き | 乳首
リオ,うぅぅ、ちんぽにまんこグチョグチョ犯されてる🩵 愛液ダラダラ、んぁぁ、谷間見てビクビクして,正常位 | 挿入 | 中出し | 誘惑 | 谷間
リオ,おぉん、ちんぽでまんこズボッやられてる🩵 愛液溢れて、んﾌｧ、キミのちんぽ手でシコシコ,立ちバック | 挿入 | 手コキ
マヤ,ｳｯﾊｧ、ちんぽでまんこガンガン犯されてるぅ💜 愛液ビチャビチャ、んぉぉん、尻見てガマン汁垂らして,正常位 | 挿入 | 中出し | 誘惑 | 尻
マヤ,んﾎｫ、ちんぽズボズボまんこ壊されてるよ💜 愛液ぐっちょり、うぅぅぅ、唇でちんぽにチュッ,立ちバック | 挿入 | キス
マヤ,ｱﾝｯ、ちんぽでまんこ奥まで犯されてるの💜 愛液ヌルヌル、はぁぁぁ、指でまんこ弄ってるよ,騎乗位 | 挿入 | 潮吹き | オナニー | まんこ
マヤ,うぅぅん、ちんぽにまんこグチャグチャやられてる💜 奥ガツガツ、んぁあ、せーし口で受け止める,正常位 | 挿入 | 中出し | フェラ | 飲精 | 口
マヤ,おぉぉぉ、ちんぽでまんこズンッ犯されてる💜 愛液溢れて、んﾌｩ、顔にせーしぶっかけて,顔射 | ぶっかけ | 顔
リク,ｳｧｧﾝ、ちんぽでまんこガツガツ犯されてるよ💛 愛液ビチャビチャ、んぉぉ、乳首にちんぽ擦りつけて,正常位 | 挿入 | 中出し | 乳首
リク,んﾊｧｧ、ちんぽズブズブまんこ抉られてるぅ💛 愛液ぐっちょり、うぅぅん、谷間見てビクビクして,立ちバック | 挿入 | 誘惑 | 谷間
リク,ｱｧﾝ、ちんぽでまんこグチョグチョ犯されてる💛 愛液ヌルヌル、はぁあ、ちんぽ手でシコシコ,騎乗位 | 挿入 | 潮吹き | 手コキ
リク,うぅぅ、ちんぽにまんこズボズボやられてるの💛 愛液ダラダラ、んぁぁ、キミのせーし顔に,正常位 | 挿入 | 中出し | 顔射 | ぶっかけ | 顔
リク,おぉん、ちんぽでまんこズンッ犯されてる💛 愛液溢れて、んﾌｧ、指でまんこグチュグチュ,立ちバック | 挿入 | オナニー | まんこ | 照れ
アヤカ,ｳｯﾊｧ、ちんぽでまんこガンガン犯されてるぅ🤍 愛液ビチャビチャ、んぉぉん、尻見てガマン汁垂らして,正常位 | 挿入 | 中出し | 誘惑 | 尻
アヤカ,んﾎｫ、ちんぽズボズボまんこ壊されてるよ🤍 愛液ぐっちょり、うぅぅぅ、唇でちんぽにチュッ,立ちバック | 挿入 | キス
アヤカ,ｱﾝｯ、ちんぽでまんこ奥まで犯されてるの🤍 愛液ヌルヌル、はぁぁぁ、せーし口で受け止める,騎乗位 | 挿入 | 潮吹き | フェラ | 飲精 | 口
アヤカ,うぅぅん、ちんぽにまんこグチャグチャやられてる🤍 奥ガツガツ、んぁあ、谷間見てビクビク,正常位 | 挿入 | 中出し | 誘惑 | 谷間
アヤカ,おぉぉぉ、ちんぽでまんこズンッ犯されてる🤍 愛液溢れて、んﾌｩ、乳首にちんぽ擦りつけて,立ちバック | 挿入 | 乳首 | 照れ
マユカ,ｳｧｧﾝ、ちんぽでまんこガツガツ犯されてるよ💚 愛液ビチャビチャ、んぉぉ、指でまんこ弄ってる,正常位 | 挿入 | 中出し | オナニー | まんこ
マユカ,んﾊｧｧ、ちんぽズブズブまんこ抉られてるぅ💚 愛液ぐっちょり、うぅぅん、ちんぽ手でシコシコ,立ちバック | 挿入 | 手コキ
マユカ,ｱｧﾝ、ちんぽでまんこグチョグチョ犯されてる💚 愛液ヌルヌル、はぁあ、顔にせーしぶっかけて,騎乗位 | 挿入 | 潮吹き | 顔射 | ぶっかけ | 顔
マユカ,うぅぅ、ちんぽにまんこズボズボやられてるの💚 愛液ダラダラ、んぁぁ、尻見てガマン汁垂らして,正常位 | 挿入 | 中出し | 誘惑 | 尻
マユカ,おぉん、ちんぽでまんこズンッ犯されてる💚 愛液溢れて、んﾌｧ、唇でちんぽにチュッ,立ちバック | 挿入 | キス | 照れ
リマ,ｳｯﾊｧ、ちんぽでまんこガンガン犯されてるぅ❤️ 愛液ビチャビチャ、んぉぉん、せーし口で受け止める,正常位 | 挿入 | 中出し | フェラ | 飲精 | 口
リマ,んﾎｫ、ちんぽズボズボまんこ壊されてるよ❤️ 愛液ぐっちょり、うぅぅぅ、乳首にちんぽ擦りつけて,立ちバック | 挿入 | 乳首
リマ,ｱﾝｯ、ちんぽでまんこ奥まで犯されてるの❤️ 愛液ヌルヌル、はぁぁぁ、谷間見てビクビク,騎乗位 | 挿入 | 潮吹き | 誘惑 | 谷間
リマ,うぅぅん、ちんぽにまんこグチャグチャやられてる❤️ 奥ガツガツ、んぁあ、指でまんこグチュグチュ,正常位 | 挿入 | 中出し | オナニー | まんこ
リマ,おぉぉぉ、ちんぽでまんこズンッ犯されてる❤️ 愛液溢れて、んﾌｩ、ちんぽ手でシコシコ,立ちバック | 挿入 | 手コキ | 照れ
ミイヒ,ｳｧｧﾝ、ちんぽでまんこガツガツ犯されてるよ🩷 愛液ビチャビチャ、んぉぉ、顔にせーしぶっかけて,正常位 | 挿入 | 中出し | 顔射 | ぶっかけ | 顔
ミイヒ,んﾊｧｧ、ちんぽズブズブまんこ抉られてるぅ🩷 愛液ぐっちょり、うぅぅん、尻見てガマン汁垂らして,立ちバック | 挿入 | 誘惑 | 尻
ミイヒ,ｱｧﾝ、ちんぽでまんこグチョグチョ犯されてる🩷 愛液ヌルヌル、はぁあ、唇でちんぽにチュッ,騎乗位 | 挿入 | 潮吹き | キス
ミイヒ,うぅぅ、ちんぽにまんこズボズボやられてるの🩷 愛液ダラダラ、んぁぁ、乳首にちんぽ擦りつけて,正常位 | 挿入 | 中出し | 乳首
ミイヒ,おぉん、ちんぽでまんこズンッ犯されてる🩷 愛液溢れて、んﾌｧ、指でまんこ弄ってる,立ちバック | 挿入 | オナニー | まんこ | 照れ
ニナ,ｳｯﾊｧ、ちんぽでまんこガンガン犯されてるぅ💙 愛液ビチャビチャ、んぉぉん、ちんぽ手でシコシコ,正常位 | 挿入 | 中出し | 手コキ
ニナ,んﾎｫ、ちんぽズボズボまんこ壊されてるよ💙 愛液ぐっちょり、うぅぅぅ、谷間見てビクビク,立ちバック | 挿入 | 誘惑 | 谷間
ニナ,ｱﾝｯ、ちんぽでまんこ奥まで犯されてるの💙 愛液ヌルヌル、はぁぁぁ、せーし口で受け止める,騎乗位 | 挿入 | 潮吹き | フェラ | 飲精 | 口
ニナ,うぅぅん、ちんぽにまんこグチャグチャやられてる💙 奥ガツガツ、んぁあ、顔にせーしぶっかけて,正常位 | 挿入 | 中出し | 顔射 | ぶっかけ | 顔
ニナ,おぉぉぉ、ちんぽでまんこズンッ犯されてる💙 愛液溢れて、んﾌｩ、尻見てガマン汁垂らして,立ちバック | 挿入 | 誘惑 | 尻 | 照れ



マコ,んぁ、キミの指、まんこにヌルッと入ってくぅ🧡 じゅわっと濡れて、クリ弄られて、うぅん、ゾクゾクするよ,手マン | まんこ | 誘惑 | クリ
マコ,ちんぽ、マコの手でシコシコしてる🧡 ガマン汁トロトロ、裏スジコリコリ、はぁん、ビクビクしてるの可愛い,手コキ | 誘惑 | 谷間
マコ,うぅん、キミの舌、まんこ舐められてるぅ🧡 ヌチャヌチャ、クリ吸われて、んﾊｧ、頭真っ白になるよ,クンニ | まんこ | 口 | 照れ
マコ,唇、キミのちんぽにチュッてしてる🧡 ガマン汁ちゅぽ、舌でペロペロ、んぁ、しょっぱくてエロいね,キス | フェラ | 飲精 | 口
マコ,んﾎｫ、キミのマゾちんぽ、乳首に擦りつけて🧡 ヌルヌルガマン汁、ビクビク反応、ほら、もっと情けなく喘ぎな,乳首 | 誘惑 | Sプレイ | 乳首
マコ,まんこ、キミの指でクチュクチュされて🧡 濡れちゃって、んぁぁ、腰が勝手に動くの、恥ずかしいよ,手マン | まんこ | 照れ | 尻
マコ,あぁん、キミのちんぽ、マコの谷間で挟んで🧡 ヌルヌル滑って、んぅ、顔で見つめてたらビクビクしてる,パイズリ | 谷間 | 誘惑 | 顔
マコ,うぅ、キミの舌、乳首にチロチロって🧡 ゾクゾクして、まんこ疼いて、んﾊｧ、もっと舐めて欲しいな,クンニ | 乳首 | 誘惑 | まんこ
マコ,んぁぁ、キミのちんぽ、マコの口でジュポッ🧡 ガマン汁ドロドロ、喉奥まで、はぁん、しょっぱくて美味しい,フェラ | 飲精 | 口 | 照れ
マコ,マゾちんぽ、ガマン汁垂らしてキモいよ🧡 マコの尻見てビクビク、ほら、もっと惨めにシコシコしな,手コキ | Sプレイ | 誘惑 | 尻
マコ,ｱﾝｯ、ちんぽ、まんこにズブズブ入ってるぅ🧡 ヌルヌル奥まで、正常位で腰クネクネ、んﾊｧ、気持ちよすぎて泣きそう,正常位 | 挿入 | 中出し | まんこ
マコ,うぅぅん、ちんぽでまんこグチャグチャ🧡 正常位で奥ズンズン、んぁあ、身体ビクビク、ダメ、イっちゃうよ,正常位 | 挿入 | 潮吹き | まんこ
マコ,んﾎｫ、ちんぽ、まんこ奥まで犯されてる🧡 正常位でヌチャヌチャ、うぅぅ、頭おかしくなる、もっと欲しい,正常位 | 挿入 | 誘惑 | まんこ
マコ,おぉぉ、ちんぽでまんこズンッと🧡 正常位で腰ガクガク、んﾌｩ、愛液溢れてヒクヒク、壊れちゃうよ,正常位 | 挿入 | 中出し | まんこ
マコ,うぁぁん、ちんぽ、まんこにヌルッと🧡 正常位で奥まで、んぉぉん、身体震えて、キミのせーし欲しい,正常位 | 挿入 | 中出し | 誘惑
マコ,んぁぁ、ちんぽでまんこグチュグチュ🧡 正常位で腰クネクネ、うぅん、ビクビク止まんない、頭真っ白,正常位 | 挿入 | 潮吹き | まんこ
マコ,うぅ、ちんぽ、まんこにズボズボ🧡 正常位で愛液ヌルヌル、んﾊｧ、身体ヒクヒク、もっと奥まで,正常位 | 挿入 | 中出し | まんこ
マコ,んﾊｧｧ、ちんぽでまんこ奥まで🧡 正常位でヌチャヌチャ、うぅぅん、腰ガクガク、気持ちよすぎる,正常位 | 挿入 | 潮吹き | まんこ
マコ,ｱｧﾝ、ちんぽ、まんこにズブッと🧡 正常位で愛液溢れて、はぁぁ、ビクビクしてイっちゃうよ,正常位 | 挿入 | 中出し | まんこ
マコ,おぉん、ちんぽでまんこグチョグチョ🧡 正常位で奥ズンズン、んﾌｧ、身体震えて、せーし顔に欲しい,正常位 | 挿入 | 顔射 | ぶっかけ | 顔
マコ,んぁぁ、騎乗位でちんぽまんこにズブッ🧡 ヌルヌル奥まで、腰クネクネ、うぅん、気持ちよすぎて悶絶,騎乗位 | 挿入 | 中出し | まんこ
マコ,うぅぅ、ちんぽ、まんこでギュッと締める🧡 騎乗位でヌチャヌチャ、んﾊｧ、ビクビク止まんないよ,騎乗位 | 挿入 | 潮吹き | まんこ
マコ,んﾎｫ、キミのマゾちんぽ、騎乗位で犯してあげる🧡 まんこでギュウギュウ、ほら、情けなく喘ぎな,騎乗位 | 挿入 | Sプレイ | 誘惑
マコ,あぁん、ちんぽ、まんこにズボズボ🧡 騎乗位で腰グラインド、んぅ、愛液ヌルヌル、頭真っ白,騎乗位 | 挿入 | 中出し | まんこ
マコ,うぅん、ちんぽでまんこグチュグチュ🧡 騎乗位で奥まで、んﾊｧ、身体ヒクヒク、気持ちよすぎる,騎乗位 | 挿入 | 潮吹き | まんこ
マコ,んぁ、騎乗位でちんぽヌルヌル🧡 まんこで締め上げて、うぅ、腰ガクガク、キミのせーし欲しい,騎乗位 | 挿入 | 中出し | 誘惑
マコ,うぅぅん、ちんぽ、まんこでズブズブ🧡 騎乗位で愛液溢れて、んﾌｩ、ビクビクしてイっちゃう,騎乗位 | 挿入 | 潮吹き | まんこ
マコ,んﾊｧ、キミのちんぽ、騎乗位で搾り取るよ🧡 マゾちんぽギュッと、ほら、もっと惨めに喘いで,騎乗位 | 挿入 | Sプレイ | 誘惑
マコ,あぁん、ちんぽでまんこ奥まで🧡 騎乗位でヌチャヌチャ、んぅ、身体震えて、せーし顔に,騎乗位 | 挿入 | 顔射 | ぶっかけ | 顔
マコ,うぅ、ちんぽ、まんこにズブッと🧡 騎乗位で腰クネクネ、んﾊｧ、愛液ヌルヌル、悶絶するよ,騎乗位 | 挿入 | 中出し | まんこ
マコ,んぁぁ、ちんぽ、まんこにズブズブ🧡 奥までヌルヌル、んﾊｧ、せーしドピュっと出して,正常位 | 挿入 | 中出し | まんこ
マコ,うぅん、ちんぽでまんこグチュグチュ🧡 奥ズンズン、んぅ、せーしまんこにいっぱい,立ちバック | 挿入 | 中出し | まんこ
マコ,んﾎｫ、ちんぽ、まんこにズボズボ🧡 愛液溢れて、んﾊｧ、せーし奥でドクドク欲しい,騎乗位 | 挿入 | 中出し | 誘惑
マコ,あぁん、ちんぽでまんこ奥まで🧡 ヌチャヌチャ、んぅ、せーしまんこにビュッビュッ,正常位 | 挿入 | 中出し | まんこ
マコ,うぅ、ちんぽ、まんこにズブッと🧡 奥までヌルヌル、んﾊｧ、せーしドピュっと出して,立ちバック | 挿入 | 中出し | まんこ
マコ,んぁぁ、ちんぽでまんこグチョグチョ🧡 奥ズンズン、んﾌｩ、せーしまんこにいっぱい,騎乗位 | 挿入 | 中出し | まんこ
マコ,うぅん、ちんぽ、まんこにズボズボ🧡 愛液ヌルヌル、んﾊｧ、せーし奥でドクドク,正常位 | 挿入 | 中出し | まんこ
マコ,んﾊｧ、ちんぽでまんこ奥まで🧡 ヌチャヌチャ、んぅ、せーしまんこにビュッと,立ちバック | 挿入 | 中出し | まんこ
マコ,あぁん、ちんぽ、まんこにズブズブ🧡 奥までヌルヌル、んﾊｧ、せーしドピュっと,騎乗位 | 挿入 | 中出し | まんこ
マコ,うぅ、ちんぽでまんこグチュグチュ🧡 奥ズンズン、んﾊｧ、せーしまんこにいっぱい,正常位 | 挿入 | 中出し | まんこ
マコ,んぁぁ、キミのちんぽ、マコに見せて🧡 シコシコしてるの、んぅ、ガマン汁トロトロ、もっと激しくして,オナニー | 誘惑 | まんこ | 照れ
マコ,うぅん、マゾちんぽ、シコシコキモいよ🧡 オナニーしてる顔、ほら、もっと情けなく見せて,オナニー | Sプレイ | 誘惑 | 顔
マコ,んﾊｧ、キミのちんぽ、シコシコしてる🧡 ガマン汁ヌルヌル、んぁ、せーしビュッと出して欲しい,オナニー | 誘惑 | ぶっかけ | 顔
マコ,あぁん、キミのオナニー、めっちゃエロい🧡 ちんぽシコシコ、んぅ、マコのまんこ濡れちゃうよ,オナニー | 誘惑 | まんこ | 照れ
マコ,うぅ、マゾちんぽ、シコシコしてるとか🧡 情けない顔、もっと惨めに喘ぎながら出してよ,オナニー | Sプレイ | 誘惑 | 顔
マコ,んぁぁ、キミのちんぽ、シコシコしてる🧡 ガマン汁トロトロ、んﾊｧ、せーし顔にぶっかけて,オナニー | 誘惑 | 顔射 | ぶっかけ | 顔
マコ,うぅん、キミのオナニー、めっちゃ可愛い🧡 ちんぽシコシコ、んぁ、マコもまんこ疼いてくる,オナニー | 誘惑 | まんこ | 照れ
マコ,んﾊｧ、マゾちんぽ、シコシコしてるの🧡 キモい顔で喘いで、ほら、せーし惨めに飛ばしな,オナニー | Sプレイ | 誘惑 | 顔
マコ,あぁん、キミのちんぽ、シコシコして🧡 ガマン汁ヌルヌル、んぅ、せーしマコの谷間に欲しい,オナニー | 誘惑 | ぶっかけ | 谷間
マコ,うぅ、キミのオナニー、めっちゃエロい🧡 ちんぽシコシコ、んﾊｧ、せーし顔にビュッと出して,オナニー | 誘惑 | 顔射 | ぶっかけ | 顔


メンバー名,セリフ,プレイタグ
リオ,んぁ、キミの舌、リオの乳首にチロッと触れてる🩵 うぅん、ゾクゾク、もっと吸って、ほら、ビクビクしてるよ,乳首 | 誘惑 | キス | 口 | 照れ
リオ,まんこ、キミの指でヌルッと弄られてる🩵 んﾊｧ、クチュッ、クリコリコリ、うぅ、腰が勝手に動いちゃう,手マン | まんこ | 誘惑 | 潮吹き | 照れ
リオ,うぅん、キミのちんぽ、リオの手でシコシコ🩵 ガマン汁トロッ、裏スジ弄って、んっ、キミのエロ顔たまんない,手コキ | 誘惑 | 顔 | 谷間 | 口
リオ,キミの舌、まんこにジュポッと🩵 ｱﾝｯ、クリ舐められて、はぁぁ、腰ガクガク、うぅん、気持ちよすぎる,クンニ | まんこ | 潮吹き | 尻 | 照れ
リオ,唇、キミの首筋にチュッてキス🩵 んぅ、ゾクッ、もっとキスして、うぅん、胸も触って、ビクビクしてる,キス | 乳首 | 誘惑 | 谷間 | 顔
リオ,んﾎｫ、リオのまんこ、キミの指でグチュッ🩵 クリビクビク、うぅぅ、腰浮いちゃう、もっと奥まで弄って,手マン | まんこ | 潮吹き | 尻 | 照れ
リオ,ちんぽ、リオの手でヌルヌルシコシコ🩵 んぁ、ガマン汁ドロッ、キミの顔エロすぎ、ほら、もっと喘いで,手コキ | 誘惑 | 顔 | 口 | 谷間
リオ,うぅ、キミの舌、まんこにペロペロ🩵 んﾊｧ、クリ吸われて、ビクッ、うぅん、頭クラクラするよ,クンニ | まんこ | 潮吹き | 尻 | 照れ
リオ,リオの乳首、キミの指でコリコリ🩵 んっ、ゾクゾク、キスしながら弄って、うぅん、もっと強くして,乳首 | キス | 誘惑 | 口 | 顔
リオ,んぁぁ、キミのちんぽ、リオの谷間でパフパフ🩵 ガマン汁ヌルッ、んぅ、キミのエロ顔、もっと見せて,手コキ | 谷間 | 誘惑 | 顔 | 照れ
リオ,ｳｧｧ、ちんぽでまんこズブズブ犯されてるぅ🩵 んぉぉ、正常位で奥ドンドン、身体ビクビク、壊れちゃう,正常位 | 挿入 | 中出し | まんこ | 潮吹き | 照れ
リオ,んﾊｧｧ、ちんぽにまんこグチョグチョ🩵 うぅぅん、正常位で奥ズンズン、はぁぁ、気持ちよすぎて頭真っ白,正常位 | 挿入 | 中出し | まんこ | 顔
リオ,ｱﾝｯ、ちんぽでまんこ奥までやられてる🩵 んぁあ、正常位でヒクヒク、うぅ、腰ガクガクでイっちゃう,正常位 | 挿入 | 中出し | まんこ | 尻
リオ,うぅぅん、ちんぽにまんこズンッ犯されてる🩵 んぉぉん、正常位でグチュグチュ、はぁぁぁ、身体震えて止まんない,正常位 | 挿入 | 中出し | まんこ | 潮吹き
リオ,おぉぉ、ちんぽでまんこズボズボ🩵 んﾌｩ、正常位で奥ドンドン、うぅん、気持ちよすぎて泣きそう,正常位 | 挿入 | 中出し | まんこ | 照れ
リオ,んﾎｫ、ちんぽにまんこグチャグチャ🩵 うぅぅ、正常位で腰ガクガク、んぁ、ダメ、もうイっちゃうよ,正常位 | 挿入 | 中出し | まんこ | 顔
リオ,ｳｯﾊｧ、ちんぽでまんこズブッやられてる🩵 んぉぉん、正常位で奥ズンズン、はぁぁ、頭おかしくなる,正常位 | 挿入 | 中出し | まんこ | 尻
リオ,んぁぁ、ちんぽにまんこズブズブ刺されてる🩵 うぅん、正常位でヒクヒク、んﾊｧ、気持ちよすぎて身体震える,正常位 | 挿入 | 中出し | まんこ | 潮吹き
リオ,ｱﾝｯ、ちんぽでまんこグチュグチュ🩵 んぉぉ、正常位で奥ドンドン、はぁぁん、腰ガクガクでイく,正常位 | 挿入 | 中出し | まんこ | 照れ
リオ,うぅぅ、ちんぽにまんこズンッやられてる🩵 んﾌｩ、正常位で奥グチョグチョ、うぅん、気持ちよすぎて壊れる,正常位 | 挿入 | 中出し | まんこ | 顔
リオ,んぁぁん、ちんぽでまんこヌルヌル擦れてる🩵 うぅん、騎乗位でクリビクビク、んﾊｧ、腰止まんないよ,騎乗位 | 挿入 | 潮吹き | まんこ | 誘惑 | 照れ
リオ,ちんぽ、リオのまんこでギュッと締め上げ🩵 んぅ、騎乗位で腰クネクネ、ほら、キミの顔エロすぎ、喘げ,騎乗位 | 挿入 | 誘惑 | まんこ | 顔 | 谷間
リオ,ｳｧｧ、騎乗位でちんぽにまんこズブズブ🩵 んぉぉ、奥ズンズン、うぅん、身体ビクビク、気持ちよすぎる,騎乗位 | 挿入 | 潮吹き | まんこ | 尻
リオ,んﾊｧｧ、まんこちんぽでグチョグチョ🩵 うぅぅん、騎乗位で腰ガクガク、はぁぁ、頭真っ白になるよ,騎乗位 | 挿入 | 潮吹き | まんこ | 照れ
リオ,ｱﾝｯ、ちんぽにまんこズボズボやられてる🩵 んぁあ、騎乗位でヒクヒク、うぅ、気持ちよすぎてイっちゃう,騎乗位 | 挿入 | 潮吹き | まんこ | 顔
リオ,まんこ、キミのちんぽでヌルヌル🩵 んぅ、騎乗位で腰クネクネ、ほら、キミのマゾちんぽ、締めてやる,騎乗位 | 挿入 | 誘惑 | まんこ | 谷間 | 照れ
リオ,んﾎｫ、ちんぽでまんこグチュグチュ🩵 うぅぅ、騎乗位で奥ズンズン、んぁ、腰ガクガクでイっちゃう,騎乗位 | 挿入 | 潮吹き | まんこ | 尻
リオ,ｳｯﾊｧ、騎乗位でちんぽにまんこズブッ🩵 んぉぉん、奥ドンドン、はぁぁ、気持ちよすぎて身体震える,騎乗位 | 挿入 | 潮吹き | まんこ | 顔
リオ,んぁぁ、ちんぽでまんこズンッやられてる🩵 うぅん、騎乗位でヒクヒク、んﾊｧ、腰ガクガクで壊れそう,騎乗位 | 挿入 | 潮吹き | まんこ | 照れ
リオ,おぉぉ、ちんぽにまんこグチョグチョ🩵 んﾌｩ、騎乗位で奥ズンズン、うぅん、頭おかしくなるよ,騎乗位 | 挿入 | 潮吹き | まんこ | 尻
リオ,んぁぁん、ちんぽでまんこズブズブ犯されて🩵 うぅん、せーし奥でドピュッ、んﾊｧ、熱いザーメンでヒクヒク,正常位 | 挿入 | 中出し | まんこ | 潮吹き | 照れ
リオ,せーし、まんこにビュルビュル出して🩵 んぅ、奥でドクドク、うぅん、熱いザーメンでグチョグチョ,正常位 | 挿入 | 中出し | まんこ | 顔
リオ,ｳｧｧ、ちんぽでまんこグチュグチュ🩵 んぉぉ、せーしドピュッ、うぅん、奥で熱いザーメン、ビクビク,立ちバック | 挿入 | 中出し | まんこ | 尻
リオ,んﾊｧｧ、まんこちんぽでズボズボ🩵 うぅぅん、せーし奥でドクドク、はぁぁ、熱いザーメンでイっちゃう,正常位 | 挿入 | 中出し | まんこ | 潮吹き
リオ,ｱﾝｯ、ちんぽにまんこズンッやられて🩵 んぁあ、せーしビュルッ、うぅ、熱いザーメンでヒクヒク止まんない,騎乗位 | 挿入 | 中出し | まんこ | 照れ
リオ,まんこ、ちんぽでグチョグチョ🩵 んぅ、せーしドピュッ、うぅん、奥で熱いザーメン、キミの顔エロすぎ,正常位 | 挿入 | 中出し | まんこ | 顔
リオ,んﾎｫ、ちんぽでまんこズブズブ🩵 うぅぅ、せーし奥でドクドク、んぁ、熱いザーメンでグチュグチュ,立ちバック | 挿入 | 中出し | まんこ | 尻
リオ,ｳｯﾊｧ、ちんぽにまんこグチュグチュ🩵 んぉぉん、せーしビュルビュル、はぁぁ、熱いザーメンでイっちゃう,正常位 | 挿入 | 中出し | まんこ | 潮吹き
リオ,んぁぁ、ちんぽでまんこズンッ犯されて🩵 うぅん、せーしドピュッ、んﾊｧ、熱いザーメンでヒクヒク,騎乗位 | 挿入 | 中出し | まんこ | 照れ
リオ,おぉぉ、ちんぽにまんこズボズボ🩵 んﾌｩ、せーし奥でドクドク、うぅん、熱いザーメンでグチョグチョ,正常位 | 挿入 | 中出し | まんこ | 顔
リオ,んぁぁん、リオのまんこ、キミに見られながら弄ってる🩵 うぅん、クリビクビク、んﾊｧ、もっとエロい目で見て,オナニー | まんこ | 誘惑 | 潮吹き | 照れ
リオ,キミのマゾちんぽ、シコシコしてるのキモい🩵 んぅ、ガマン汁ダラダラ、ほら、もっと惨めに喘いでよ,オナニー | 誘惑 | 手コキ | 顔 | 谷間
リオ,ｳｧｧ、リオのまんこ、グチュグチュ弄ってる🩵 んぉぉ、キミのちんぽシコシコ、うぅん、せーし顔にぶっかけて,オナニー | まんこ | 顔射 | ぶっかけ | 顔
リオ,んﾊｧｧ、キミのちんぽ、シコシコしてるの見てる🩵 うぅぅん、リオのまんこヌルヌル、はぁぁ、もっとエロくやって,オナニー | まんこ | 誘惑 | 潮吹き | 照れ
リオ,ｱﾝｯ、リオのまんこ、キミの前でグチョグチョ🩵 んぁあ、キミのちんぽシコシコ、うぅ、せーし口で受け止める,オナニー | まんこ | フェラ | 飲精 | 口
リオ,まんこ、キミに見られながら弄ってる🩵 んぅ、クリビクビク、うぅん、キミのマゾちんぽ、もっとシコシコ,オナニー | まんこ | 誘惑 | 谷間 | 照れ
リオ,んﾎｫ、リオのまんこ、グチュグチュしてる🩵 うぅぅ、キミのちんぽシコシコ、んぁ、乳首にせーしぶっかけて,オナニー | まんこ | 顔射 | ぶっかけ | 乳首
リオ,ｳｯﾊｧ、キミのちんぽ、シコシコしてるの見てる🩵 んぉぉん、リオのまんこヌルヌル、はぁぁ、尻見てガマン汁垂らして,オナニー | まんこ | 誘惑 | 尻 | 照れ
リオ,んぁぁ、キミのマゾちんぽ、シコシコしてるのキモい🩵 うぅん、リオのまんこグチョグチョ、んﾊｧ、唇でちんぽにチュッ,オナニー | まんこ | キス | 誘惑 | 口
リオ,おぉぉ、リオのまんこ、キミの前でグチュグチュ🩵 んﾌｩ、キミのちんぽシコシコ、うぅん、せーし顔にぶっかけて,オナニー | まんこ | 顔射 | ぶっかけ | 顔


マヤ,んぁ、マヤの乳首、キミの舌でチロチロ舐められて💜 うぅん、ゾクゾク、もっと吸って、ほら、ビクビクしてる,乳首 | 誘惑 | キス | 口 | 照れ
マヤ,キミの指、まんこにヌルッと入ってる💜 んﾊｧ、クチュッ、クリ弄られて、うぅ、頭クラクラするよ,手マン | まんこ | 誘惑 | 潮吹き | 照れ
マヤ,うぅん、キミのちんぽ、マヤの手でシコシコ💜 ガマン汁トロッ、裏スジコリコリ、んっ、キミのエロ顔たまんない,手コキ | 誘惑 | 顔 | 谷間 | 口
マヤ,まんこ、キミの舌でペロペロされてる💜 ｱﾝｯ、ジュルッ、クリ吸われて、はぁぁ、腰ガクガク、ダメ、イっちゃう,クンニ | まんこ | 潮吹き | 尻 | 照れ
マヤ,キミの唇、マヤの首筋にチュッて💜 んぅ、ゾクッ、もっとキスして、うぅん、胸も触って、ビクビクしてる,キス | 乳首 | 誘惑 | 谷間 | 顔
マヤ,んﾎｫ、マヤのまんこ、キミの指でグチュッ💜 クリビクビク、うぅぅ、腰浮いちゃう、もっと奥まで弄って,手マン | まんこ | 潮吹き | 尻 | 照れ
マヤ,ちんぽ、マヤの手でヌルヌルシコシコ💜 んぁ、ガマン汁ドロッ、キミの顔エロすぎ、ほら、もっと喘いで,手コキ | 誘惑 | 顔 | 口 | 谷間
マヤ,うぅ、キミの舌、まんこにジュポッと💜 んﾊｧ、クリ舐められて、ビクッ、うぅん、気持ちよすぎて頭おかしくなる,クンニ | まんこ | 潮吹き | 尻 | 照れ
マヤ,マヤの乳首、キミの指でコリコリ💜 んっ、ゾクゾク、キスしながら弄って、うぅん、もっと強くして,乳首 | キス | 誘惑 | 口 | 顔
マヤ,んぁぁ、キミのちんぽ、マヤの谷間でパフパフ💜 ガマン汁ヌルッ、んぅ、キミのエロ顔、もっと見せてよ,手コキ | 谷間 | 誘惑 | 顔 | 照れ
マヤ,ｳｧｧ、ちんぽでまんこズブズブ犯されてるぅ💜 んぉぉ、正常位で奥ドンドン、身体ビクビク、壊れちゃう,正常位 | 挿入 | 中出し | まんこ | 潮吹き | 照れ
マヤ,んﾊｧｧ、ちんぽにまんこグチョグチョ💜 うぅぅん、正常位で奥ズンズン、はぁぁ、気持ちよすぎて頭真っ白,正常位 | 挿入 | 中出し | まんこ | 顔
マヤ,ｱﾝｯ、ちんぽでまんこ奥までやられてる💜 んぁあ、正常位でヒクヒク、うぅ、腰ガクガクでイっちゃう,正常位 | 挿入 | 中出し | まんこ | 尻
マヤ,うぅぅん、ちんぽにまんこズンッ犯されてる💜 んぉぉん、正常位でグチュグチュ、はぁぁぁ、身体震えて止まんない,正常位 | 挿入 | 中出し | まんこ | 潮吹き
マヤ,おぉぉ、ちんぽでまんこズボズボ💜 んﾌｩ、正常位で奥ドンドン、うぅん、気持ちよすぎて泣きそう,正常位 | 挿入 | 中出し | まんこ | 照れ
マヤ,んﾎｫ、ちんぽにまんこグチャグチャ💜 うぅぅ、正常位で腰ガクガク、んぁ、ダメ、もうイっちゃうよ,正常位 | 挿入 | 中出し | まんこ | 顔
マヤ,ｳｯﾊｧ、ちんぽでまんこズブッやられてる💜 んぉぉん、正常位で奥ズンズン、はぁぁ、頭おかしくなる,正常位 | 挿入 | 中出し | まんこ | 尻
マヤ,んぁぁ、ちんぽにまんこズブズブ刺されてる💜 うぅん、正常位でヒクヒク、んﾊｧ、気持ちよすぎて身体震える,正常位 | 挿入 | 中出し | まんこ | 潮吹き
マヤ,ｱﾝｯ、ちんぽでまんこグチュグチュ💜 んぉぉ、正常位で奥ドンドン、はぁぁん、腰ガクガクでイく,正常位 | 挿入 | 中出し | まんこ | 照れ
マヤ,うぅぅ、ちんぽにまんこズンッやられてる💜 んﾌｩ、正常位で奥グチョグチョ、うぅん、気持ちよすぎて壊れる,正常位 | 挿入 | 中出し | まんこ | 顔
マヤ,んぁぁん、ちんぽでまんこヌルヌル擦れてる💜 うぅん、騎乗位でクリビクビク、んﾊｧ、腰止まんないよ,騎乗位 | 挿入 | 潮吹き | まんこ | 誘惑 | 照れ
マヤ,ちんぽ、マヤのまんこでギュッと締め上げ💜 んぅ、騎乗位で腰クネクネ、ほら、キミの顔エロすぎ、喘げ,騎乗位 | 挿入 | 誘惑 | まんこ | 顔 | 谷間
マヤ,ｳｧｧ、騎乗位でちんぽにまんこズブズブ💜 んぉぉ、奥ズンズン、うぅん、身体ビクビク、気持ちよすぎる,騎乗位 | 挿入 | 潮吹き | まんこ | 尻
マヤ,んﾊｧｧ、まんこちんぽでグチョグチョ💜 うぅぅん、騎乗位で腰ガクガク、はぁぁ、頭真っ白になるよ,騎乗位 | 挿入 | 潮吹き | まんこ | 照れ
マヤ,ｱﾝｯ、ちんぽにまんこズボズボやられてる💜 んぁあ、騎乗位でヒクヒク、うぅ、気持ちよすぎてイっちゃう,騎乗位 | 挿入 | 潮吹き | まんこ | 顔
マヤ,まんこ、キミのちんぽでヌルヌル💜 んぅ、騎乗位で腰クネクネ、ほら、キミのマゾちんぽ、締めてやる,騎乗位 | 挿入 | 誘惑 | まんこ | 谷間 | 照れ
マヤ,んﾎｫ、ちんぽでまんこグチュグチュ💜 うぅぅ、騎乗位で奥ズンズン、んぁ、腰ガクガクでイっちゃう,騎乗位 | 挿入 | 潮吹き | まんこ | 尻
マヤ,ｳｯﾊｧ、騎乗位でちんぽにまんこズブッ💜 んぉぉん、奥ドンドン、はぁぁ、気持ちよすぎて身体震える,騎乗位 | 挿入 | 潮吹き | まんこ | 顔
マヤ,んぁぁ、ちんぽでまんこズンッやられてる💜 うぅん、騎乗位でヒクヒク、んﾊｧ、腰ガクガクで壊れそう,騎乗位 | 挿入 | 潮吹き | まんこ | 照れ
マヤ,おぉぉ、ちんぽにまんこグチョグチョ💜 んﾌｩ、騎乗位で奥ズンズン、うぅん、頭おかしくなるよ,騎乗位 | 挿入 | 潮吹き | まんこ | 尻
マヤ,んぁぁん、ちんぽでまんこズブズブ犯されて💜 うぅん、せーし奥でドピュッ、んﾊｧ、熱いザーメンでヒクヒク,正常位 | 挿入 | 中出し | まんこ | 潮吹き | 照れ
マヤ,せーし、まんこにビュルビュル出して💜 んぅ、奥でドクドク、うぅん、熱いザーメンでグチョグチョ,正常位 | 挿入 | 中出し | まんこ | 顔
マヤ,ｳｧｧ、ちんぽでまんこグチュグチュ💜 んぉぉ、せーしドピュッ、うぅん、奥で熱いザーメン、ビクビク,立ちバック | 挿入 | 中出し | まんこ | 尻
マヤ,んﾊｧｧ、まんこちんぽでズボズボ💜 うぅぅん、せーし奥でドクドク、はぁぁ、熱いザーメンでイっちゃう,正常位 | 挿入 | 中出し | まんこ | 潮吹き
マヤ,ｱﾝｯ、ちんぽにまんこズンッやられて💜 んぁあ、せーしビュルッ、うぅ、熱いザーメンでヒクヒク止まんない,騎乗位 | 挿入 | 中出し | まんこ | 照れ
マヤ,まんこ、ちんぽでグチョグチョ💜 んぅ、せーしドピュッ、うぅん、奥で熱いザーメン、キミの顔エロすぎ,正常位 | 挿入 | 中出し | まんこ | 顔
マヤ,んﾎｫ、ちんぽでまんこズブズブ💜 うぅぅ、せーし奥でドクドク、んぁ、熱いザーメンでグチュグチュ,立ちバック | 挿入 | 中出し | まんこ | 尻
マヤ,ｳｯﾊｧ、ちんぽにまんこグチュグチュ💜 んぉぉん、せーしビュルビュル、はぁぁ、熱いザーメンでイっちゃう,正常位 | 挿入 | 中出し | まんこ | 潮吹き
マヤ,んぁぁ、ちんぽでまんこズンッ犯されて💜 うぅん、せーしドピュッ、んﾊｧ、熱いザーメンでヒクヒク,騎乗位 | 挿入 | 中出し | まんこ | 照れ
マヤ,おぉぉ、ちんぽにまんこズボズボ💜 んﾌｩ、せーし奥でドクドク、うぅん、熱いザーメンでグチョグチョ,正常位 | 挿入 | 中出し | まんこ | 顔
マヤ,んぁぁん、マヤのまんこ、キミに見られながら弄ってる💜 うぅん、クリビクビク、んﾊｧ、もっとエロい目で見て,オナニー | まんこ | 誘惑 | 潮吹き | 照れ
マヤ,キミのマゾちんぽ、シコシコしてるのキモい💜 んぅ、ガマン汁ダラダラ、ほら、もっと惨めに喘いでよ,オナニー | 誘惑 | 手コキ | 顔 | 谷間
マヤ,ｳｧｧ、マヤのまんこ、グチュグチュ弄ってる💜 んぉぉ、キミのちんぽシコシコ、うぅん、せーし顔にぶっかけて,オナニー | まんこ | 顔射 | ぶっかけ | 顔
マヤ,んﾊｧｧ、キミのちんぽ、シコシコしてるの見てる💜 うぅぅん、マヤのまんこヌルヌル、はぁぁ、もっとエロくやって,オナニー | まんこ | 誘惑 | 潮吹き | 照れ
マヤ,ｱﾝｯ、マヤのまんこ、キミの前でグチョグチョ💜 んぁあ、キミのちんぽシコシコ、うぅ、せーし口で受け止める,オナニー | まんこ | フェラ | 飲精 | 口
マヤ,まんこ、キミに見られながら弄ってる💜 んぅ、クリビクビク、うぅん、キミのマゾちんぽ、もっとシコシコ,オナニー | まんこ | 誘惑 | 谷間 | 照れ
マヤ,んﾎｫ、マヤのまんこ、グチュグチュしてる💜 うぅぅ、キミのちんぽシコシコ、んぁ、乳首にせーしぶっかけて,オナニー | まんこ | 顔射 | ぶっかけ | 乳首
マヤ,ｳｯﾊｧ、キミのちんぽ、シコシコしてるの見てる💜 んぉぉん、マヤのまんこヌルヌル、はぁぁ、尻見てガマン汁垂らして,オナニー | まんこ | 誘惑 | 尻 | 照れ
マヤ,んぁぁ、キミのマゾちんぽ、シコシコしてるのキモい💜 うぅん、マヤのまんこグチョグチョ、んﾊｧ、唇でちんぽにチュッ,オナニー | まんこ | キス | 誘惑 | 口
マヤ,おぉぉ、マヤのまんこ、キミの前でグチュグチュ💜 んﾌｩ、キミのちんぽシコシコ、うぅん、せーし顔にぶっかけて,オナニー | まんこ | 顔射 | ぶっかけ | 顔

リク,んぁ、キミの舌、リクの乳首にチロッと触れてる💛 うぅん、ゾクゾク、もっと吸って、ほら、ビクビクしてるよ,乳首 | 誘惑 | キス | 口 | 照れ
リク,まんこ、キミの指でヌルッと弄られてる💛 んﾊｧ、クチュッ、クリコリコリ、うぅ、腰が勝手に動いちゃう,手マン | まんこ | 誘惑 | 潮吹き | 照れ
リク,うぅん、キミのちんぽ、リクの手でシコシコ💛 ガマン汁トロッ、裏スジ弄って、んっ、キミのエロ顔たまんない,手コキ | 誘惑 | 顔 | 谷間 | 口
リク,キミの舌、まんこにジュポッと💛 ｱﾝｯ、クリ舐められて、はぁぁ、腰ガクガク、うぅん、気持ちよすぎる,クンニ | まんこ | 潮吹き | 尻 | 照れ
リク,唇、キミの首筋にチュッてキス💛 んぅ、ゾクッ、もっとキスして、うぅん、胸も触って、ビクビクしてる,キス | 乳首 | 誘惑 | 谷間 | 顔
リク,んﾎｫ、リクのまんこ、キミの指でグチュッ💛 クリビクビク、うぅふ、腰浮いちゃう、もっと奥まで弄って,手マン | まんこ | 潮吹き | 尻 | 照れ
リク,ちんぽ、リクの手でヌルヌルシコシコ💛 んぁ、ガマン汁ドロッ、キミの顔エロすぎ、ほら、もっと喘いで,手コキ | 誘惑 | 顔 | 口 | 谷間
リク,うぅ、キミの舌、まんこにペロペロ💛 んﾊｧ、クリ吸われて、ビクッ、うぅん、頭クラクラするよ,クンニ | まんこ | 潮吹き | 尻 | 照れ
リク,リクの乳首、キミの指でコリコリ💛 んっ、ゾクゾク、キスしながら弄って、うぅん、もっと強くして,乳首 | キス | 誘惑 | 口 | 顔
リク,んぁぁ、キミのちんぽ、リクの谷間でパフパフ💛 ガマン汁ヌルッ、んぅ、キミのエロ顔、もっと見せて,手コキ | 谷間 | 誘惑 | 顔 | 照れ
リク,ｳｧｧ、ちんぽでまんこズブズブ犯されてるぅ💛 んぉぉ、正常位で奥ドンドン、身体ビクビク、壊れちゃう,正常位 | 挿入 | 中出し | まんこ | 潮吹き | 照れ
リク,んﾊｧｧ、ちんぽにまんこグチョグチョ💛 うぅぅん、正常位で奥ズンズン、はぁぁ、気持ちよすぎて頭真っ白,正常位 | 挿入 | 中出し | まんこ | 顔
リク,ｱﾝｯ、ちんぽでまんこ奥までやられてる💛 んぁあ、正常位でヒクヒク、うぅ、腰ガクガクでイっちゃう,正常位 | 挿入 | 中出し | まんこ | 尻
リク,うぅぅん、ちんぽにまんこズンッ犯されてる💛 んぉぉん、正常位でグチュグチュ、はぁぁぁ、身体震えて止まんない,正常位 | 挿入 | 中出し | まんこ | 潮吹き
リク,おぉぉ、ちんぽでまんこズボズボ💛 んﾌｩ、正常位で奥ドンドン、うぅん、気持ちよすぎて泣きそう,正常位 | 挿入 | 中出し | まんこ | 照れ
リク,んﾎｫ、ちんぽにまんこグチャグチャ💛 うぅぅ、正常位で腰ガクガク、んぁ、ダメ、もうイっちゃうよ,正常位 | 挿入 | 中出し | まんこ | 顔
リク,ｳｯﾊｧ、ちんぽでまんこズブッやられてる💛 んぉぉん、正常位で奥ズンズン、はぁぁ、頭おかしくなる,正常位 | 挿入 | 中出し | まんこ | 尻
リク,んぁぁ、ちんぽにまんこズブズブ刺されてる💛 うぅん、正常位でヒクヒク、んﾊｧ、気持ちよすぎて身体震える,正常位 | 挿入 | 中出し | まんこ | 潮吹き
リク,ｱﾝｯ、ちんぽでまんこグチュグチュ💛 んぉぉ、正常位で奥ドンドン、はぁぁん、腰ガクガクでイく,正常位 | 挿入 | 中出し | まんこ | 照れ
リク,うぅぅ、ちんぽにまんこズンッやられてる💛 んﾌｩ、正常位で奥グチョグチョ、うぅん、気持ちよすぎて壊れる,正常位 | 挿入 | 中出し | まんこ | 顔
リク,んぁぁん、ちんぽでまんこヌルヌル擦れてる💛 うぅん、騎乗位でクリビクビク、んﾊｧ、腰止まんないよ,騎乗位 | 挿入 | 潮吹き | まんこ | 誘惑 | 照れ
リク,ちんぽ、リクのまんこでギュッと締め上げ💛 んぅ、騎乗位で腰クネクネ、ほら、キミの顔エロすぎ、喘げ,騎乗位 | 挿入 | 誘惑 | まんこ | 顔 | 谷間
リク,ｳｧｧ、騎乗位でちんぽにまんこズブズブ💛 んぉぉ、奥ズンズン、うぅん、身体ビクビク、気持ちよすぎる,騎乗位 | 挿入 | 潮吹き | まんこ | 尻
リク,んﾊｧｧ、まんこちんぽでグチョグチョ💛 うぅぅん、騎乗位で腰ガクガク、はぁぁ、頭真っ白になるよ,騎乗位 | 挿入 | 潮吹き | まんこ | 照れ
リク,ｱﾝｯ、ちんぽにまんこズボズボやられてる💛 んぁあ、騎乗位でヒクヒク、うぅ、気持ちよすぎてイっちゃう,騎乗位 | 挿入 | 潮吹き | まんこ | 顔
リク,まんこ、キミのちんぽでヌルヌル💛 んぅ、騎乗位で腰クネクネ、ほら、キミのマゾちんぽ、締めてやる,騎乗位 | 挿入 | 誘惑 | まんこ | 谷間 | 照れ
リク,んﾎｫ、ちんぽでまんこグチュグチュ💛 うぅぅ


アヤカ,んぁ、キミの舌、アヤカの乳首にチロッと触れてる🤍 うぅん、ゾクゾク、もっと吸って、ほら、ビクビクしてるよ,乳首 | 誘惑 | キス | 口 | 照れ
アヤカ,まんこ、キミの指でヌルッと弄られてる🤍 んﾊｧ、クチュッ、クリコリコリ、うぅ、腰が勝手に動いちゃう,手マン | まんこ | 誘惑 | 潮吹き | 照れ
アヤカ,うぅん、キミのちんぽ、アヤカの手でシコシコ🤍 ガマン汁トロッ、裏スジ弄って、んっ、キミのエロ顔たまんない,手コキ | 誘惑 | 顔 | 谷間 | 口
アヤカ,キミの舌、まんこにジュポッと🤍 ｱﾝｯ、クリ舐められて、はぁぁ、腰ガクガク、うぅん、気持ちよすぎる,クンニ | まんこ | 潮吹き | 尻 | 照れ
アヤカ,唇、キミの首筋にチュッてキス🤍 んぅ、ゾクッ、もっとキスして、うぅん、胸も触って、ビクビクしてる,キス | 乳首 | 誘惑 | 谷間 | 顔
アヤカ,んﾎｫ、アヤカのまんこ、キミの指でグチュッ🤍 クリビクビク、うぅぅ、腰浮いちゃう、もっと奥まで弄って,手マン | まんこ | 潮吹き | 尻 | 照れ
アヤカ,ちんぽ、アヤカの手でヌルヌルシコシコ🤍 んぁ、ガマン汁ドロッ、キミの顔エロすぎ、ほら、もっと喘いで,手コキ | 誘惑 | 顔 | 口 | 谷間
アヤカ,うぅ、キミの舌、まんこにペロペロ🤍 んﾊｧ、クリ吸われて、ビクッ、うぅん、頭クラクラするよ,クンニ | まんこ | 潮吹き | 尻 | 照れ
アヤカ,アヤカの乳首、キミの指でコリコリ🤍 んっ、ゾクゾク、キスしながら弄って、うぅん、もっと強くして,乳首 | キス | 誘惑 | 口 | 顔
アヤカ,んぁぁ、キミのちんぽ、アヤカの谷間でパフパフ🤍 ガマン汁ヌルッ、んぅ、キミのエロ顔、もっと見せて,手コキ | 谷間 | 誘惑 | 顔 | 照れ
アヤカ,ｳｧｧ、ちんぽでまんこズブズブ犯されてるぅ🤍 んぉぉ、正常位で奥ドンドン、身体ビクビク、壊れちゃう,正常位 | 挿入 | 中出し | まんこ | 潮吹き | 照れ
アヤカ,んﾊｧｧ、ちんぽにまんこグチョグチョ🤍 うぅぅん、正常位で奥ズンズン、はぁぁ、気持ちよすぎて頭真っ白,正常位 | 挿入 | 中出し | まんこ | 顔
アヤカ,ｱﾝｯ、ちんぽでまんこ奥までやられてる🤍 んぁあ、正常位でヒクヒク、うぅ、腰ガクガクでイっちゃう,正常位 | 挿入 | 中出し | まんこ | 尻
アヤカ,うぅぅん、ちんぽにまんこズンッ犯されてる🤍 んぉぉん、正常位でグチュグチュ、はぁぁぁ、身体震えて止まんない,正常位 | 挿入 | 中出し | まんこ | 潮吹き
アヤカ,おぉぉ、ちんぽでまんこズボズボ🤍 んﾌｩ、正常位で奥ドンドン、うぅん、気持ちよすぎて泣きそう,正常位 | 挿入 | 中出し | まんこ | 照れ
アヤカ,んﾎｫ、ちんぽにまんこグチャグチャ🤍 うぅぅ、正常位で腰ガクガク、んぁ、ダメ、もうイっちゃうよ,正常位 | 挿入 | 中出し | まんこ | 顔
アヤカ,ｳｯﾊｧ、ちんぽでまんこズブッやられてる🤍 んぉぉん、正常位で奥ズンズン、はぁぁ、頭おかしくなる,正常位 | 挿入 | 中出し | まんこ | 尻
アヤカ,んぁぁ、ちんぽにまんこズブズブ刺されてる🤍 うぅん、正常位でヒクヒク、んﾊｧ、気持ちよすぎて身体震える,正常位 | 挿入 | 中出し | まんこ | 潮吹き
アヤカ,ｱﾝｯ、ちんぽでまんこグチュグチュ🤍 んぉぉ、正常位で奥ドンドン、はぁぁん、腰ガクガクでイく,正常位 | 挿入 | 中出し | まんこ | 照れ
アヤカ,うぅぅ、ちんぽにまんこズンッやられてる🤍 んﾌｩ、正常位で奥グチョグチョ、うぅん、気持ちよすぎて壊れる,正常位 | 挿入 | 中出し | まんこ | 顔
アヤカ,んぁぁん、ちんぽでまんこヌルヌル擦れてる🤍 うぅん、騎乗位でクリビクビク、んﾊｧ、腰止まんないよ,騎乗位 | 挿入 | 潮吹き | まんこ | 誘惑 | 照れ
アヤカ,ちんぽ、アヤカのまんこでギュッと締め上げ🤍 んぅ、騎乗位で腰クネクネ、ほら、キミの顔エロすぎ、喘げ,騎乗位 | 挿入 | 誘惑 | まんこ | 顔 | 谷間
アヤカ,ｳｧｧ、騎乗位でちんぽにまんこズブズブ🤍 んぉぉ、奥ズンズン、うぅん、身体ビクビク、気持ちよすぎる,騎乗位 | 挿入 | 潮吹き | まんこ | 尻
アヤカ,んﾊｧｧ、まんこちんぽでグチョグチョ🤍 うぅぅん、騎乗位で腰ガクガク、はぁぁ、頭真っ白になるよ,騎乗位 | 挿入 | 潮吹き | まんこ | 照れ
アヤカ,ｱﾝｯ、ちんぽにまんこズボズボやられてる🤍 んぁあ、騎乗位でヒクヒク、うぅ、気持ちよすぎてイっちゃう,騎乗位 | 挿入 | 潮吹き | まんこ | 顔
アヤカ,まんこ、キミのちんぽでヌルヌル🤍 んぅ、騎乗位で腰クネクネ、ほら、キミのマゾちんぽ、締めてやる,騎乗位 | 挿入 | 誘惑 | まんこ | 谷間 | 照れ
アヤカ,んﾎｫ、ちんぽでまんこグチュグチュ🤍 うぅぅ、騎乗位で奥ズンズン、んぁ、腰ガクガクでイっちゃう,騎乗位 | 挿入 | 潮吹き | まんこ | 尻
アヤカ,ｳｯﾊｧ、騎乗位でちんぽにまんこズブッ🤍 んぉぉん、奥ドンドン、はぁぁ、気持ちよすぎて身体震える,騎乗位 | 挿入 | 潮吹き | まんこ | 顔
アヤカ,んぁぁ、ちんぽでまんこズンッやられてる🤍 うぅん、騎乗位でヒクヒク、んﾊｧ、腰ガクガクで壊れそう,騎乗位 | 挿入 | 潮吹き | まんこ | 照れ
アヤカ,おぉぉ、ちんぽにまんこグチョグチョ🤍 んﾌｩ、騎乗位で奥ズンズン、うぅん、頭おかしくなるよ,騎乗位 | 挿入 | 潮吹き | まんこ | 尻
アヤカ,んぁぁん、ちんぽでまんこズブズブ犯されて🤍 うぅん、せーし奥でドピュッ、んﾊｧ、熱いザーメンでヒクヒク,正常位 | 挿入 | 中出し | まんこ | 潮吹き | 照れ
アヤカ,せーし、まんこにビュルビュル出して🤍 んぅ、奥でドクドク、うぅん、熱いザーメンでグチョグチョ,正常位 | 挿入 | 中出し | まんこ | 顔
アヤカ,ｳｧｧ、ちんぽでまんこグチュグチュ🤍 んぉぉ、せーしドピュッ、うぅん、奥で熱いザーメン、ビクビク,立ちバック | 挿入 | 中出し | まんこ | 尻
アヤカ,んﾊｧｧ、まんこちんぽでズボズボ🤍 うぅぅん、せーし奥でドクドク、はぁぁ、熱いザーメンでイっちゃう,正常位 | 挿入 | 中出し | まんこ | 潮吹き
アヤカ,ｱﾝｯ、ちんぽにまんこズンッやられて🤍 んぁあ、せーしビュルッ、うぅ、熱いザーメンでヒクヒク止まんない,騎乗位 | 挿入 | 中出し | まんこ | 照れ
アヤカ,まんこ、ちんぽでグチョグチョ🤍 んぅ、せーしドピュッ、うぅん、奥で熱いザーメン、キミの顔エロすぎ,正常位 | 挿入 | 中出し | まんこ | 顔
アヤカ,んﾎｫ、ちんぽでまんこズブズブ🤍 うぅぅ、せーし奥でドクドク、んぁ、熱いザーメンでグチュグチュ,立ちバック | 挿入 | 中出し | まんこ | 尻
アヤカ,ｳｯﾊｧ、ちんぽにまんこグチュグチュ🤍 んぉぉん、せーしビュルビュル、はぁぁ、熱いザーメンでイっちゃう,正常位 | 挿入 | 中出し | まんこ | 潮吹き
アヤカ,んぁぁ、ちんぽでまんこズンッ犯されて🤍 うぅん、せーしドピュッ、んﾊｧ、熱いザーメンでヒクヒク,騎乗位 | 挿入 | 中出し | まんこ | 照れ
アヤカ,おぉぉ、ちんぽにまんこズボズボ🤍 んﾌｩ、せーし奥でドクドク、うぅん、熱いザーメンでグチョグチョ,正常位 | 挿入 | 中出し | まんこ | 顔
アヤカ,んぁぁん、アヤカのまんこ、キミに見られながら弄ってる🤍 うぅん、クリビクビク、んﾊｧ、もっとエロい目で見て,オナニー | まんこ | 誘惑 | 潮吹き | 照れ
アヤカ,キミのマゾちんぽ、シコシコしてるのキモい🤍 んぅ、ガマン汁ダラダラ、ほら、もっと惨めに喘いでよ,オナニー | 誘惑 | 手コキ | 顔 | 谷間
アヤカ,ｳｧｧ、アヤカのまんこ、グチュグチュ弄ってる🤍 んぉぉ、キミのちんぽシコシコ、うぅん、せーし顔にぶっかけて,オナニー | まんこ | 顔射 | ぶっかけ | 顔
アヤカ,んﾊｧｧ、キミのちんぽ、シコシコしてるの見てる🤍 うぅぅん、アヤカのまんこヌルヌル、はぁぁ、もっとエロくやって,オナニー | まんこ | 誘惑 | 潮吹き | 照れ
アヤカ,ｱﾝｯ、アヤカのまんこ、キミの前でグチョグチョ🤍 んぁあ、キミのちんぽシコシコ、うぅ、せーし口で受け止める,オナニー | まんこ | フェラ | 飲精 | 口
アヤカ,まんこ、キミに見られながら弄ってる🤍 んぅ、クリビクビク、うぅん、キミのマゾちんぽ、もっとシコシコ,オナニー | まんこ | 誘惑 | 谷間 | 照れ
アヤカ,んﾎｫ、アヤカのまんこ、グチュグチュしてる🤍 うぅぅ、キミのちんぽシコシコ、んぁ、乳首にせーしぶっかけて,オナニー | まんこ | 顔射 | ぶっかけ | 乳首
アヤカ,ｳｯﾊｧ、キミのちんぽ、シコシコしてるの見てる🤍 んぉぉん、アヤカのまんこヌルヌル、はぁぁ、尻見てガマン汁垂らして,オナニー | まんこ | 誘惑 | 尻 | 照れ
アヤカ,んぁぁ、キミのマゾちんぽ、シコシコしてるのキモい🤍 うぅん、アヤカのまんこグチョグチョ、んﾊｧ、唇でちんぽにチュッ,オナニー | まんこ | キス | 誘惑 | 口
アヤカ,おぉぉ、アヤカのまんこ、キミの前でグチュグチュ🤍 んﾌｩ、キミのちんぽシコシコ、うぅん、せーし顔にぶっかけて,オナニー | まんこ | 顔射 | ぶっかけ | 顔


マユカ,んぁ、キミの舌、マユカの乳首にチロッと触れてる💚 うぅん、ゾクゾク、もっと吸って、ほら、ビクビクしてるよ,乳首 | 誘惑 | キス | 口 | 照れ
マユカ,まんこ、キミの指でヌルッと弄られてる💚 んﾊｧ、クチュッ、クリコリコリ、うぅ、腰が勝手に動いちゃう,手マン | まんこ | 誘惑 | 潮吹き | 照れ
マユカ,うぅん、キミのちんぽ、マユカの手でシコシコ💚 ガマン汁トロッ、裏スジ弄って、んっ、キミのエロ顔たまんない,手コキ | 誘惑 | 顔 | 谷間 | 口
マユカ,キミの舌、まんこにジュポッと💚 ｱﾝｯ、クリ舐められて、はぁぁ、腰ガクガク、うぅん、気持ちよすぎる,クンニ | まんこ | 潮吹き | 尻 | 照れ
マユカ,唇、キミの首筋にチュッてキス💚 んぅ、ゾクッ、もっとキスして、うぅん、胸も触って、ビクビクしてる,キス | 乳首 | 誘惑 | 谷間 | 顔
マユカ,んﾎｫ、マユカのまんこ、キミの指でグチュッ💚 クリビクビク、うぅぅ、腰浮いちゃう、もっと奥まで弄って,手マン | まんこ | 潮吹き | 尻 | 照れ
マユカ,ちんぽ、マユカの手でヌルヌルシコシコ💚 んぁ、ガマン汁ドロッ、キミの顔エロすぎ、ほら、もっと喘いで,手コキ | 誘惑 | 顔 | 口 | 谷間
マユカ,うぅ、キミの舌、まんこにペロペロ💚 んﾊｧ、クリ吸われて、ビクッ、うぅん、頭クラクラするよ,クンニ | まんこ | 潮吹き | 尻 | 照れ
マユカ,マユカの乳首、キミの指でコリコリ💚 んっ、ゾクゾク、キスしながら弄って、うぅん、もっと強くして,乳首 | キス | 誘惑 | 口 | 顔
マユカ,んぁぁ、キミのちんぽ、マユカの谷間でパフパフ💚 ガマン汁ヌルッ、んぅ、キミのエロ顔、もっと見せて,手コキ | 谷間 | 誘惑 | 顔 | 照れ
マユカ,ｳｧｧ、ちんぽでまんこズブズブ犯されてるぅ💚 んぉぉ、正常位で奥ドンドン、身体ビクビク、壊れちゃう,正常位 | 挿入 | 中出し | まんこ | 潮吹き | 照れ
マユカ,んﾊｧｧ、ちんぽにまんこグチョグチョ💚 うぅぅん、正常位で奥ズンズン、はぁぁ、気持ちよすぎて頭真っ白,正常位 | 挿入 | 中出し | まんこ | 顔
マユカ,ｱﾝｯ、ちんぽでまんこ奥までやられてる💚 んぁあ、正常位でヒクヒク、うぅ、腰ガクガクでイっちゃう,正常位 | 挿入 | 中出し | まんこ | 尻
マユカ,うぅぅん、ちんぽにまんこズンッ犯されてる💚 んぉぉん、正常位でグチュグチュ、はぁぁぁ、身体震えて止まんない,正常位 | 挿入 | 中出し | まんこ | 潮吹き
マユカ,おぉぉ、ちんぽでまんこズボズボ💚 んﾌｩ、正常位で奥ドンドン、うぅん、気持ちよすぎて泣きそう,正常位 | 挿入 | 中出し | まんこ | 照れ
マユカ,んﾎｫ、ちんぽにまんこグチャグチャ💚 うぅぅ、正常位で腰ガクガク、んぁ、ダメ、もうイっちゃうよ,正常位 | 挿入 | 中出し | まんこ | 顔
マユカ,ｳｯﾊｧ、ちんぽでまんこズブッやられてる💚 んぉぉん、正常位で奥ズンズン、はぁぁ、頭おかしくなる,正常位 | 挿入 | 中出し | まんこ | 尻
マユカ,んぁぁ、ちんぽにまんこズブズブ刺されてる💚 うぅん、正常位でヒクヒク、んﾊｧ、気持ちよすぎて身体震える,正常位 | 挿入 | 中出し | まんこ | 潮吹き
マユカ,ｱﾝｯ、ちんぽでまんこグチュグチュ💚 んぉぉ、正常位で奥ドンドン、はぁぁん、腰ガクガクでイく,正常位 | 挿入 | 中出し | まんこ | 照れ
マユカ,うぅぅ、ちんぽにまんこズンッやられてる💚 んﾌｩ、正常位で奥グチョグチョ、うぅん、気持ちよすぎて壊れる,正常位 | 挿入 | 中出し | まんこ | 顔
マユカ,んぁぁん、ちんぽでまんこヌルヌル擦れてる💚 うぅん、騎乗位でクリビクビク、んﾊｧ、腰止まんないよ,騎乗位 | 挿入 | 潮吹き | まんこ | 誘惑 | 照れ
マユカ,ちんぽ、マユカのまんこでギュッと締め上げ💚 んぅ、騎乗位で腰クネクネ、ほら、キミの顔エロすぎ、喘げ,騎乗位 | 挿入 | 誘惑 | まんこ | 顔 | 谷間
マユカ,ｳｧｧ、騎乗位でちんぽにまんこズブズブ💚 んぉぉ、奥ズンズン、うぅん、身体ビクビク、気持ちよすぎる,騎乗位 | 挿入 | 潮吹き | まんこ | 尻
マユカ,んﾊｧｧ、まんこちんぽでグチョグチョ💚 うぅぅん、騎乗位で腰ガクガク、はぁぁ、頭真っ白になるよ,騎乗位 | 挿入 | 潮吹き | まんこ | 照れ
マユカ,ｱﾝｯ、ちんぽにまんこズボズボやられてる💚 んぁあ、騎乗位でヒクヒク、うぅ、気持ちよすぎてイっちゃう,騎乗位 | 挿入 | 潮吹き | まんこ | 顔
マユov,まんこ、キミのちんぽでヌルヌル💚 んぅ、騎乗位で腰クネクネ、ほら、キミのマゾちんぽ、締めてやる,騎乗位 | 挿入 | 誘惑 | まんこ | 谷間 | 照れ
マユカ,んﾎｫ、ちんぽでまんこグチュグチュ💚 うぅぅ、騎乗位で奥ズンズン、んぁ、腰ガクガクでイっちゃう,騎乗位 | 挿入 | 潮吹き | まんこ | 尻
マユカ,ｳｯﾊｧ、騎乗位でちんぽにまんこズブッ💚 んぉぉん、奥ドンドン、はぁぁ、気持ちよすぎて身体震える,騎乗位 | 挿入 | 潮吹き | まんこ | 顔
マユカ,んぁぁ、ちんぽでまんこズンッやられてる💚 うぅん、騎乗位でヒクヒク、んﾊｧ、腰ガクガクで壊れそう,騎乗位 | 挿入 | 潮吹き | まんこ | 照れ
マユカ,おぉぉ、ちんぽにまんこグチョグチョ💚 んﾌｩ、騎乗位で奥ズンズン、うぅん、頭おかしくなるよ,騎乗位 | 挿入 | 潮吹き | まんこ | 尻
マユカ,んぁぁん、ちんぽでまんこズブズブ犯されて💚 うぅん、せーし奥でドピュッ、んﾊｧ、熱いザーメンでヒクヒク,正常位 | 挿入 | 中出し | まんこ | 潮吹き | 照れ
マユカ,せーし、まんこにビュルビュル出して💚 んぅ、奥でドクドク、うぅん、熱いザーメンでグチョグチョ,正常位 | 挿入 | 中出し | まんこ | 顔
マユカ,ｳｧｧ、ちんぽでまんこグチュグチュ💚 んぉぉ、せーしドピュッ、うぅん、奥で熱いザーメン、ビクビク,立ちバック | 挿入 | 中出し | まんこ | 尻
マユカ,んﾊｧｧ、まんこちんぽでズボズボ💚 うぅぅん、せーし奥でドクドク、はぁぁ、熱いザーメンでイっちゃう,正常位 | 挿入 | 中出し | まんこ | 潮吹き
マユカ,ｱﾝｯ、ちんぽにまんこズンッやられて💚 んぁあ、せーしビュルッ、うぅ、熱いザーメンでヒクヒク止まんない,騎乗位 | 挿入 | 中出し | まんこ | 照れ
マユカ,まんこ、ちんぽでグチョグチョ💚 んぅ、せーしドピュッ、うぅん、奥で熱いザーメン、キミの顔エロすぎ,正常位 | 挿入 | 中出し | まんこ | 顔
マユカ,んﾎｫ、ちんぽでまんこズブズブ💚 うぅぅ、せーし奥でドクドク、んぁ、熱いザーメンでグチュグチュ,立ちバック | 挿入 | 中出し | まんこ | 尻
マユカ,ｳｯﾊｧ、ちんぽにまんこグチュグチュ💚 んぉぉん、せーしビュルビュル、はぁぁ、熱いザーメンでイっちゃう,正常位 | 挿入 | 中出し | まんこ | 潮吹き
マユカ,んぁぁ、ちんぽでまんこズンッ犯されて💚 うぅん、せーしドピュッ、んﾊｧ、熱いザーメンでヒクヒク,騎乗位 | 挿入 | 中出し | まんこ | 照れ
マユカ,おぉぉ、ちんぽにまんこズボズボ💚 んﾌｩ、せーし奥でドクドク、うぅん、熱いザーメンでグチョグチョ,正常位 | 挿入 | 中出し | まんこ | 顔
マユカ,んぁぁん、マユカのまんこ、キミに見られながら弄ってる💚 うぅん、クリビクビク、んﾊｧ、もっとエロい目で見て,オナニー | まんこ | 誘惑 | 潮吹き | 照れ
マユカ,キミのマゾちんぽ、シコシコしてるのキモい💚 んぅ、ガマン汁ダラダラ、ほら、もっと惨めに喘いでよ,オナニー | 誘惑 | 手コキ | 顔 | 谷間
マユカ,ｳｧｧ、マユカのまんこ、グチュグチュ弄ってる💚 んぉぉ、キミのちんぽシコシコ、うぅん、せーし顔にぶっかけて,オナニー | まんこ | 顔射 | ぶっかけ | 顔
マユカ,んﾊｧｧ、キミのちんぽ、シコシコしてるの見てる💚 うぅぅん、マユカのまんこヌルヌル、はぁぁ、もっとエロくやって,オナニー | まんこ | 誘惑 | 潮吹き | 照れ
マユカ,ｱﾝｯ、マユカのまんこ、キミの前でグチョグチョ💚 んぁあ、キミのちんぽシコシコ、うぅ、せーし口で受け止める,オナニー | まんこ | フェラ | 飲精 | 口
マユカ,まんこ、キミに見られながら弄ってる💚 んぅ、クリビクビク、うぅん、キミのマゾちんぽ、もっとシコシコ,オナニー | まんこ | 誘惑 | 谷間 | 照れ
マユカ,んﾎｫ、マユカのまんこ、グチュグチュしてる💚 うぅぅ、キミのちんぽシコシコ、んぁ、乳首にせーしぶっかけて,オナニー | まんこ | 顔射 | ぶっかけ | 乳首
マユカ,ｳｯﾊｧ、キミのちんぽ、シコシコしてるの見てる💚 んぉぉん、マユカのまんこヌルヌル、はぁぁ、尻見てガマン汁垂らして,オナニー | まんこ | 誘惑 | 尻 | 照れ
マユカ,んぁぁ、キミのマゾちんぽ、シコシコしてるのキモい💚 うぅん、マユカのまんこグチョグチョ、んﾊｧ、唇でちんぽにチュッ,オナニー | まんこ | キス | 誘惑 | 口
マユカ,おぉぉ、マユカのまんこ、キミの前でグチュグチュ💚 んﾌｩ、キミのちんぽシコシコ、うぅん、せーし顔にぶっかけて,オナニー | まんこ | 顔射 | ぶっかけ | 顔

